{
  "name": "mocha",
  "version": "1.21.3",
  "main": [
    "mocha.js",
    "mocha.css"
  ],
  "ignore": [
    "bin",
    "editors",
    "images",
    "lib",
    "support",
    "test",
    ".gitignore",
    ".npmignore",
    ".travis.yml",
    "component.json",
    "index.js",
    "Makefile",
    "package.json"
  ],
  "homepage": "https://github.com/visionmedia/mocha",
  "_release": "1.21.3",
  "_resolution": {
    "type": "version",
    "tag": "1.21.3",
    "commit": "0ffc612e6368e92b341cc60cbeb8745e01e02338"
  },
  "_source": "git://github.com/visionmedia/mocha.git",
  "_target": "~1.21.3",
  "_originalSource": "mocha",
  "_direct": true
}